"date","country","values"
"1997-01-31 00:00:00","EU15",2.190730593
"1997-01-31 00:00:00","V3",13.881793181
"1997-01-31 00:00:00","HU",19.0633090139
"1997-01-31 00:00:00","CZ",7.2857142857
"1997-01-31 00:00:00","SK",5.6990881459
"1997-01-31 00:00:00","PL",17.9104477612
"1997-02-28 00:00:00","EU15",1.9561161589
"1997-02-28 00:00:00","V3",13.5001366255
"1997-02-28 00:00:00","HU",18.8275862069
"1997-02-28 00:00:00","CZ",7.1123755334
"1997-02-28 00:00:00","SK",6.0106181267
"1997-02-28 00:00:00","PL",17.2794117647
"1997-03-31 00:00:00","EU15",1.7012679449
"1997-03-31 00:00:00","V3",12.8781393782
"1997-03-31 00:00:00","HU",19.0540846345
"1997-03-31 00:00:00","CZ",6.5063649222
"1997-03-31 00:00:00","SK",6.2948960302
"1997-03-31 00:00:00","PL",16.4556962025
"1997-04-30 00:00:00","EU15",1.4932165894
"1997-04-30 00:00:00","V3",12.1267989826
"1997-04-30 00:00:00","HU",18.6289784109
"1997-04-30 00:00:00","CZ",6.4516129032
"1997-04-30 00:00:00","SK",6.3689466742
"1997-04-30 00:00:00","PL",15.2482269504
"1997-05-31 00:00:00","EU15",1.4928053485
"1997-05-31 00:00:00","V3",11.4936447171
"1997-05-31 00:00:00","HU",17.7598605361
"1997-05-31 00:00:00","CZ",5.8577405858
"1997-05-31 00:00:00","SK",5.9496996997
"1997-05-31 00:00:00","PL",14.5359019264
"1997-06-30 00:00:00","EU15",1.5212192278
"1997-06-30 00:00:00","V3",12.2762953053
"1997-06-30 00:00:00","HU",18.9148292261
"1997-06-30 00:00:00","CZ",6.5006915629
"1997-06-30 00:00:00","SK",6.1247424611
"1997-06-30 00:00:00","PL",15.4513888889
"1997-07-31 00:00:00","EU15",1.6511700151
"1997-07-31 00:00:00","V3",12.5258586911
"1997-07-31 00:00:00","HU",18.2385874246
"1997-07-31 00:00:00","CZ",8.6301369863
"1997-07-31 00:00:00","SK",5.8076563959
"1997-07-31 00:00:00","PL",15.0779896014
"1997-08-31 00:00:00","EU15",1.833106296
"1997-08-31 00:00:00","V3",12.7596017984
"1997-08-31 00:00:00","HU",18.0978960927
"1997-08-31 00:00:00","CZ",9.4520547945
"1997-08-31 00:00:00","SK",6.3916759569
"1997-08-31 00:00:00","PL",15.0259067358
"1997-09-30 00:00:00","EU15",1.7181602545
"1997-09-30 00:00:00","V3",12.0142698026
"1997-09-30 00:00:00","HU",18.124073682
"1997-09-30 00:00:00","CZ",9.7127222982
"1997-09-30 00:00:00","SK",5.5187637969
"1997-09-30 00:00:00","PL",13.8513513514
"1997-10-31 00:00:00","EU15",1.6569621499
"1997-10-31 00:00:00","V3",11.4180587714
"1997-10-31 00:00:00","HU",17.8817631084
"1997-10-31 00:00:00","CZ",9.5238095238
"1997-10-31 00:00:00","SK",5.7007125891
"1997-10-31 00:00:00","PL",12.9568106312
"1997-11-30 00:00:00","EU15",1.7886142153
"1997-11-30 00:00:00","V3",11.6956032316
"1997-11-30 00:00:00","HU",18.3889003935
"1997-11-30 00:00:00","CZ",9.4850948509
"1997-11-30 00:00:00","SK",5.9508644222
"1997-11-30 00:00:00","PL",13.3443163097
"1997-12-31 00:00:00","EU15",1.6225203994
"1997-12-31 00:00:00","V3",11.6135030809
"1997-12-31 00:00:00","HU",18.5846153846
"1997-12-31 00:00:00","CZ",9.4339622642
"1997-12-31 00:00:00","SK",6.1331881691
"1997-12-31 00:00:00","PL",13.1921824104
"1998-01-31 00:00:00","EU15",1.2631527509
"1998-01-31 00:00:00","V3",12.5174167777
"1998-01-31 00:00:00","HU",17.7307768334
"1998-01-31 00:00:00","CZ",11.9840213049
"1998-01-31 00:00:00","SK",7.1531272466
"1998-01-31 00:00:00","PL",13.4493670886
"1998-02-28 00:00:00","EU15",1.3347594093
"1998-02-28 00:00:00","V3",13.1749492646
"1998-02-28 00:00:00","HU",17.2760688721
"1998-02-28 00:00:00","CZ",12.3505976096
"1998-02-28 00:00:00","SK",7.4047576462
"1998-02-28 00:00:00","PL",14.263322884
"1998-03-31 00:00:00","EU15",1.3162105123
"1998-03-31 00:00:00","V3",12.9884602225
"1998-03-31 00:00:00","HU",16.6318190458
"1998-03-31 00:00:00","CZ",12.4833997344
"1998-03-31 00:00:00","SK",7.0780722035
"1998-03-31 00:00:00","PL",13.9751552795
"1998-04-30 00:00:00","EU15",1.5728969913
"1998-04-30 00:00:00","V3",12.679415089
"1998-04-30 00:00:00","HU",16.3227016886
"1998-04-30 00:00:00","CZ",11.9894598155
"1998-04-30 00:00:00","SK",7.0327723649
"1998-04-30 00:00:00","PL",13.6923076923
"1998-05-31 00:00:00","EU15",1.5885696553
"1998-05-31 00:00:00","V3",12.5857535613
"1998-05-31 00:00:00","HU",16.0991857883
"1998-05-31 00:00:00","CZ",11.9894598155
"1998-05-31 00:00:00","SK",7.7059344553
"1998-05-31 00:00:00","PL",13.4556574924
"1998-06-30 00:00:00","EU15",1.5012917898
"1998-06-30 00:00:00","V3",11.2473131574
"1998-06-30 00:00:00","HU",14.3064897291
"1998-06-30 00:00:00","CZ",10.9090909091
"1998-06-30 00:00:00","SK",7.3949876456
"1998-06-30 00:00:00","PL",11.8796992481
"1998-07-31 00:00:00","EU15",1.4263653065
"1998-07-31 00:00:00","V3",10.8982724789
"1998-07-31 00:00:00","HU",14.095793116
"1998-07-31 00:00:00","CZ",9.5838587642
"1998-07-31 00:00:00","SK",7.0243558066
"1998-07-31 00:00:00","PL",11.8975903614
"1998-08-31 00:00:00","EU15",1.2679322079
"1998-08-31 00:00:00","V3",9.98245489
"1998-08-31 00:00:00","HU",13.3793855663
"1998-08-31 00:00:00","CZ",8.5106382979
"1998-08-31 00:00:00","SK",5.6234718826
"1998-08-31 00:00:00","PL",11.1111111111
"1998-09-30 00:00:00","EU15",1.1868888905
"1998-09-30 00:00:00","V3",9.3708145835
"1998-09-30 00:00:00","HU",12.4574296469
"1998-09-30 00:00:00","CZ",7.855361596
"1998-09-30 00:00:00","SK",5.910041841
"1998-09-30 00:00:00","PL",10.3857566766
"1998-10-31 00:00:00","EU15",1.1400333837
"1998-10-31 00:00:00","V3",8.9830793455
"1998-10-31 00:00:00","HU",12.2452596137
"1998-10-31 00:00:00","CZ",7.2049689441
"1998-10-31 00:00:00","SK",6.205704408
"1998-10-31 00:00:00","PL",10
"1998-11-30 00:00:00","EU15",1.0136758557
"1998-11-30 00:00:00","V3",8.3249851964
"1998-11-30 00:00:00","HU",11.0372573028
"1998-11-30 00:00:00","CZ",6.4356435644
"1998-11-30 00:00:00","SK",6.0975609756
"1998-11-30 00:00:00","PL",9.3023255814
"1998-12-31 00:00:00","EU15",0.9870413618
"1998-12-31 00:00:00","V3",7.6953515685
"1998-12-31 00:00:00","HU",10.1193565127
"1998-12-31 00:00:00","CZ",5.7881773399
"1998-12-31 00:00:00","SK",5.778765601
"1998-12-31 00:00:00","PL",8.6330935252
"1999-01-31 00:00:00","EU15",0.9722656355
"1999-01-31 00:00:00","V3",5.9301929832
"1999-01-31 00:00:00","HU",9.6709200806
"1999-01-31 00:00:00","CZ",3.0915576694
"1999-01-31 00:00:00","SK",6.8433411607
"1999-01-31 00:00:00","PL",6.8340306834
"1999-02-28 00:00:00","EU15",0.9170301901
"1999-02-28 00:00:00","V3",4.949952303
"1999-02-28 00:00:00","HU",9.1883866711
"1999-02-28 00:00:00","CZ",2.3640661939
"1999-02-28 00:00:00","SK",6.8776019983
"1999-02-28 00:00:00","PL",5.6241426612
"1999-03-31 00:00:00","EU15",1.155026128
"1999-03-31 00:00:00","V3",5.1134696329
"1999-03-31 00:00:00","HU",9.1427640156
"1999-03-31 00:00:00","CZ",2.0070838253
"1999-03-31 00:00:00","SK",6.8759342302
"1999-03-31 00:00:00","PL",5.9945504087
"1999-04-30 00:00:00","EU15",1.1877060391
"1999-04-30 00:00:00","V3",5.1813874834
"1999-04-30 00:00:00","HU",9.2096774194
"1999-04-30 00:00:00","CZ",2
"1999-04-30 00:00:00","SK",6.9347898047
"1999-04-30 00:00:00","PL",6.0893098782
"1999-05-31 00:00:00","EU15",1.0218411222
"1999-05-31 00:00:00","V3",5.3969035693
"1999-05-31 00:00:00","HU",8.6547656997
"1999-05-31 00:00:00","CZ",2
"1999-05-31 00:00:00","SK",6.4473684211
"1999-05-31 00:00:00","PL",6.4690026954
"1999-06-30 00:00:00","EU15",1.0417815905
"1999-06-30 00:00:00","V3",5.2731127111
"1999-06-30 00:00:00","HU",8.8581424936
"1999-06-30 00:00:00","CZ",1.756440281
"1999-06-30 00:00:00","SK",6.8857847165
"1999-06-30 00:00:00","PL",6.3172043011
"1999-07-31 00:00:00","EU15",1.0768377579
"1999-07-31 00:00:00","V3",5.4359722011
"1999-07-31 00:00:00","HU",10.0558659218
"1999-07-31 00:00:00","CZ",0.8055235903
"1999-07-31 00:00:00","SK",13.555408971
"1999-07-31 00:00:00","PL",6.0565275908
"1999-08-31 00:00:00","EU15",1.1570551762
"1999-08-31 00:00:00","V3",6.2137644394
"1999-08-31 00:00:00","HU",10.9988776655
"1999-08-31 00:00:00","CZ",1.0380622837
"1999-08-31 00:00:00","SK",14.3849206349
"1999-08-31 00:00:00","PL",7.027027027
"1999-09-30 00:00:00","EU15",1.2680007612
"1999-09-30 00:00:00","V3",6.9345907602
"1999-09-30 00:00:00","HU",10.9340133886
"1999-09-30 00:00:00","CZ",1.0404624277
"1999-09-30 00:00:00","SK",14.5843621399
"1999-09-30 00:00:00","PL",8.064516129
"1999-10-31 00:00:00","EU15",1.2932320393
"1999-10-31 00:00:00","V3",7.3650621302
"1999-10-31 00:00:00","HU",10.5304704768
"1999-10-31 00:00:00","CZ",1.2746234067
"1999-10-31 00:00:00","SK",13.8997395833
"1999-10-31 00:00:00","PL",8.6898395722
"1999-11-30 00:00:00","EU15",1.4162917782
"1999-11-30 00:00:00","V3",7.8282327648
"1999-11-30 00:00:00","HU",10.8695652174
"1999-11-30 00:00:00","CZ",1.8604651163
"1999-11-30 00:00:00","SK",13.7283470941
"1999-11-30 00:00:00","PL",9.1755319149
"1999-12-31 00:00:00","EU15",1.6665601173
"1999-12-31 00:00:00","V3",8.4523452406
"1999-12-31 00:00:00","HU",11.4200439837
"1999-12-31 00:00:00","CZ",2.5611175786
"1999-12-31 00:00:00","SK",14.0779052853
"1999-12-31 00:00:00","PL",9.8013245033
"2000-01-31 00:00:00","EU15",1.6886634997
"2000-01-31 00:00:00","V3",8.8778260439
"2000-01-31 00:00:00","HU",10.2112676056
"2000-01-31 00:00:00","CZ",3.3448673587
"2000-01-31 00:00:00","SK",13.6577708006
"2000-01-31 00:00:00","PL",10.182767624
"2000-02-29 00:00:00","EU15",1.7977938696
"2000-02-29 00:00:00","V3",9.3743496322
"2000-02-29 00:00:00","HU",10.0166188246
"2000-02-29 00:00:00","CZ",3.5796766744
"2000-02-29 00:00:00","SK",16.6562792147
"2000-02-29 00:00:00","PL",10.3896103896
"2000-03-31 00:00:00","EU15",1.7760710333
"2000-03-31 00:00:00","V3",9.3852962998
"2000-03-31 00:00:00","HU",9.7655666716
"2000-03-31 00:00:00","CZ",3.8194444444
"2000-03-31 00:00:00","SK",16.7676767677
"2000-03-31 00:00:00","PL",10.2827763496
"2000-04-30 00:00:00","EU15",1.5390951262
"2000-04-30 00:00:00","V3",9.0044532714
"2000-04-30 00:00:00","HU",9.4520750258
"2000-04-30 00:00:00","CZ",3.3448673587
"2000-04-30 00:00:00","SK",16.220399319
"2000-04-30 00:00:00","PL",9.9489795918
"2000-05-31 00:00:00","EU15",1.5938603058
"2000-05-31 00:00:00","V3",9.0515471351
"2000-05-31 00:00:00","HU",9.256271087
"2000-05-31 00:00:00","CZ",3.69088812
"2000-05-31 00:00:00","SK",16.347342398
"2000-05-31 00:00:00","PL",9.8734177215
"2000-06-30 00:00:00","EU15",1.9112752875
"2000-06-30 00:00:00","V3",9.4898674182
"2000-06-30 00:00:00","HU",9.3352812272
"2000-06-30 00:00:00","CZ",4.0276179517
"2000-06-30 00:00:00","SK",15.6980319803
"2000-06-30 00:00:00","PL",10.4930467762
"2000-07-31 00:00:00","EU15",1.9358364137
"2000-07-31 00:00:00","V3",9.7142655337
"2000-07-31 00:00:00","HU",9.8187092096
"2000-07-31 00:00:00","CZ",4.1095890411
"2000-07-31 00:00:00","SK",9.2796979378
"2000-07-31 00:00:00","PL",11.6751269036
"2000-08-31 00:00:00","EU15",1.8248637176
"2000-08-31 00:00:00","V3",9.094961928
"2000-08-31 00:00:00","HU",9.8367759642
"2000-08-31 00:00:00","CZ",4.3378995434
"2000-08-31 00:00:00","SK",8.8464874241
"2000-08-31 00:00:00","PL",10.7323232323
"2000-09-30 00:00:00","EU15",2.1630797572
"2000-09-30 00:00:00","V3",8.7420894433
"2000-09-30 00:00:00","HU",10.5747126437
"2000-09-30 00:00:00","CZ",4.233409611
"2000-09-30 00:00:00","SK",8.8780347651
"2000-09-30 00:00:00","PL",10.1990049751
"2000-10-31 00:00:00","EU15",2.1790188559
"2000-10-31 00:00:00","V3",8.5448811084
"2000-10-31 00:00:00","HU",10.6556206256
"2000-10-31 00:00:00","CZ",4.4622425629
"2000-10-31 00:00:00","SK",8.6739068305
"2000-10-31 00:00:00","PL",9.840098401
"2000-11-30 00:00:00","EU15",2.2321132883
"2000-11-30 00:00:00","V3",8.0674619106
"2000-11-30 00:00:00","HU",10.5285592498
"2000-11-30 00:00:00","CZ",4.4520547945
"2000-11-30 00:00:00","SK",8.640569395
"2000-11-30 00:00:00","PL",9.1352009744
"2000-12-31 00:00:00","EU15",2.2095448662
"2000-12-31 00:00:00","V3",7.3834847089
"2000-12-31 00:00:00","HU",9.9957704779
"2000-12-31 00:00:00","CZ",3.9727582293
"2000-12-31 00:00:00","SK",8.359308586
"2000-12-31 00:00:00","PL",8.3232810615
"2001-01-31 00:00:00","EU15",1.871040898
"2001-01-31 00:00:00","V3",6.581542398
"2001-01-31 00:00:00","HU",10.0430615363
"2001-01-31 00:00:00","CZ",4.1294642857
"2001-01-31 00:00:00","SK",7.5
"2001-01-31 00:00:00","PL",7.2274881517
"2001-02-28 00:00:00","EU15",1.8271527097
"2001-02-28 00:00:00","V3",5.9928192404
"2001-02-28 00:00:00","HU",10.2993683054
"2001-02-28 00:00:00","CZ",4.0133779264
"2001-02-28 00:00:00","SK",6.3176172032
"2001-02-28 00:00:00","PL",6.5882352941
"2001-03-31 00:00:00","EU15",1.9586670167
"2001-03-31 00:00:00","V3",5.7634152214
"2001-03-31 00:00:00","HU",10.2707114678
"2001-03-31 00:00:00","CZ",4.1248606466
"2001-03-31 00:00:00","SK",6.5743944637
"2001-03-31 00:00:00","PL",6.1771561772
"2001-04-30 00:00:00","EU15",2.4749160903
"2001-04-30 00:00:00","V3",6.1627865313
"2001-04-30 00:00:00","HU",10.2415328566
"2001-04-30 00:00:00","CZ",4.6875
"2001-04-30 00:00:00","SK",7.151418298
"2001-04-30 00:00:00","PL",6.4965197216
"2001-05-31 00:00:00","EU15",2.8475258735
"2001-05-31 00:00:00","V3",6.5938423816
"2001-05-31 00:00:00","HU",10.7545649839
"2001-05-31 00:00:00","CZ",4.89432703
"2001-05-31 00:00:00","SK",7.3439575033
"2001-05-31 00:00:00","PL",7.0276497696
"2001-06-30 00:00:00","EU15",2.7049411308
"2001-06-30 00:00:00","V3",6.1451665494
"2001-06-30 00:00:00","HU",10.4623196152
"2001-06-30 00:00:00","CZ",5.4203539823
"2001-06-30 00:00:00","SK",7.561461794
"2001-06-30 00:00:00","PL",6.1784897025
"2001-07-31 00:00:00","EU15",2.3791727157
"2001-07-31 00:00:00","V3",5.3097621914
"2001-07-31 00:00:00","HU",9.3634442684
"2001-07-31 00:00:00","CZ",5.4824561404
"2001-07-31 00:00:00","SK",7.9867109635
"2001-07-31 00:00:00","PL",4.8863636364
"2001-08-31 00:00:00","EU15",2.3407411881
"2001-08-31 00:00:00","V3",5.040662246
"2001-08-31 00:00:00","HU",8.6533403472
"2001-08-31 00:00:00","CZ",5.0328227571
"2001-08-31 00:00:00","SK",7.7025232404
"2001-08-31 00:00:00","PL",4.6750285063
"2001-09-30 00:00:00","EU15",2.0941856127
"2001-09-30 00:00:00","V3",4.4860608703
"2001-09-30 00:00:00","HU",7.9002079002
"2001-09-30 00:00:00","CZ",4.6103183315
"2001-09-30 00:00:00","SK",7.2964771078
"2001-09-30 00:00:00","PL",4.0632054176
"2001-10-31 00:00:00","EU15",2.0950029771
"2001-10-31 00:00:00","V3",4.1240220127
"2001-10-31 00:00:00","HU",7.4867690719
"2001-10-31 00:00:00","CZ",4.2716319825
"2001-10-31 00:00:00","SK",6.929651545
"2001-10-31 00:00:00","PL",3.6954087346
"2001-11-30 00:00:00","EU15",1.808080612
"2001-11-30 00:00:00","V3",3.8788977868
"2001-11-30 00:00:00","HU",7.0960277671
"2001-11-30 00:00:00","CZ",3.9344262295
"2001-11-30 00:00:00","SK",6.8265199161
"2001-11-30 00:00:00","PL",3.4598214286
"2001-12-31 00:00:00","EU15",1.9003537963
"2001-12-31 00:00:00","V3",3.9419947701
"2001-12-31 00:00:00","HU",6.7803127403
"2001-12-31 00:00:00","CZ",3.9301310044
"2001-12-31 00:00:00","SK",6.7468619247
"2001-12-31 00:00:00","PL",3.5634743875
"2002-01-31 00:00:00","EU15",2.4713568954
"2002-01-31 00:00:00","V3",3.760539254
"2002-01-31 00:00:00","HU",6.6144912901
"2002-01-31 00:00:00","CZ",3.3226152197
"2002-01-31 00:00:00","SK",6.4114094822
"2002-01-31 00:00:00","PL",3.5359116022
"2002-02-28 00:00:00","EU15",2.3316784188
"2002-02-28 00:00:00","V3",3.6641304387
"2002-02-28 00:00:00","HU",6.1379482072
"2002-02-28 00:00:00","CZ",3.4297963558
"2002-02-28 00:00:00","SK",4.3844221106
"2002-02-28 00:00:00","PL",3.642384106
"2002-03-31 00:00:00","EU15",2.3601270656
"2002-03-31 00:00:00","V3",3.3395877823
"2002-03-31 00:00:00","HU",5.9585492228
"2002-03-31 00:00:00","CZ",3.3190578158
"2002-03-31 00:00:00","SK",3.7587412587
"2002-03-31 00:00:00","PL",3.2930845225
"2002-04-30 00:00:00","EU15",2.2209936895
"2002-04-30 00:00:00","V3",3.0668872491
"2002-04-30 00:00:00","HU",6.0342717258
"2002-04-30 00:00:00","CZ",2.8784648188
"2002-04-30 00:00:00","SK",3.6664180959
"2002-04-30 00:00:00","PL",3.0501089325
"2002-05-31 00:00:00","EU15",1.8165873239
"2002-05-31 00:00:00","V3",1.9003212701
"2002-05-31 00:00:00","HU",5.5158200994
"2002-05-31 00:00:00","CZ",2.2269353128
"2002-05-31 00:00:00","SK",3.3279722875
"2002-05-31 00:00:00","PL",1.6146393972
"2002-06-30 00:00:00","EU15",1.6489641328
"2002-06-30 00:00:00","V3",1.3554339162
"2002-06-30 00:00:00","HU",4.7901294303
"2002-06-30 00:00:00","CZ",0.944386149
"2002-06-30 00:00:00","SK",2.792191747
"2002-06-30 00:00:00","PL",1.2931034483
"2002-07-31 00:00:00","EU15",1.8441528012
"2002-07-31 00:00:00","V3",1.1385665849
"2002-07-31 00:00:00","HU",4.5042869219
"2002-07-31 00:00:00","CZ",0.2079002079
"2002-07-31 00:00:00","SK",2.1166625646
"2002-07-31 00:00:00","PL",1.3001083424
"2002-08-31 00:00:00","EU15",1.9500523085
"2002-08-31 00:00:00","V3",1.2937273672
"2002-08-31 00:00:00","HU",4.4057129024
"2002-08-31 00:00:00","CZ",0.2083333333
"2002-08-31 00:00:00","SK",2.9839704069
"2002-08-31 00:00:00","PL",1.4161220044
"2002-09-30 00:00:00","EU15",1.9196188111
"2002-09-30 00:00:00","V3",1.3257483927
"2002-09-30 00:00:00","HU",4.6001926782
"2002-09-30 00:00:00","CZ",0.314795383
"2002-09-30 00:00:00","SK",3.1726512543
"2002-09-30 00:00:00","PL",1.409978308
"2002-10-31 00:00:00","EU15",2.1333304308
"2002-10-31 00:00:00","V3",1.1552276118
"2002-10-31 00:00:00","HU",4.8636964093
"2002-10-31 00:00:00","CZ",0.2100840336
"2002-10-31 00:00:00","SK",3.2341367437
"2002-10-31 00:00:00","PL",1.1879049676
"2002-11-30 00:00:00","EU15",2.126045685
"2002-11-30 00:00:00","V3",0.961824783
"2002-11-30 00:00:00","HU",4.7533309327
"2002-11-30 00:00:00","CZ",0.1051524711
"2002-11-30 00:00:00","SK",3.0295596713
"2002-11-30 00:00:00","PL",0.9708737864
"2002-12-31 00:00:00","EU15",2.1940808741
"2002-12-31 00:00:00","V3",0.8278383297
"2002-12-31 00:00:00","HU",4.8613611811
"2002-12-31 00:00:00","CZ",0.1050420168
"2002-12-31 00:00:00","SK",3.2214600686
"2002-12-31 00:00:00","PL",0.752688172
"2003-01-31 00:00:00","EU15",1.9905040584
"2003-01-31 00:00:00","V3",0.8040753993
"2003-01-31 00:00:00","HU",4.8070092351
"2003-01-31 00:00:00","CZ",-0.622406639
"2003-01-31 00:00:00","SK",7.1359574982
"2003-01-31 00:00:00","PL",0.4268943436
"2003-02-28 00:00:00","EU15",2.2283195721
"2003-02-28 00:00:00","V3",0.7526032702
"2003-02-28 00:00:00","HU",4.6451612903
"2003-02-28 00:00:00","CZ",-0.621761658
"2003-02-28 00:00:00","SK",7.3655072813
"2003-02-28 00:00:00","PL",0.3194888179
"2003-03-31 00:00:00","EU15",2.2622277454
"2003-03-31 00:00:00","V3",0.8892542681
"2003-03-31 00:00:00","HU",4.7735475608
"2003-03-31 00:00:00","CZ",-0.621761658
"2003-03-31 00:00:00","SK",8.0755806956
"2003-03-31 00:00:00","PL",0.4250797024
"2003-04-30 00:00:00","EU15",1.9628703104
"2003-04-30 00:00:00","V3",0.6832253138
"2003-04-30 00:00:00","HU",3.8785640078
"2003-04-30 00:00:00","CZ",-0.414507772
"2003-04-30 00:00:00","SK",7.7328857451
"2003-04-30 00:00:00","PL",0.1057082452
"2003-05-31 00:00:00","EU15",1.7538282721
"2003-05-31 00:00:00","V3",0.8420712173
"2003-05-31 00:00:00","HU",3.4926470588
"2003-05-31 00:00:00","CZ",-0.3112033195
"2003-05-31 00:00:00","SK",7.5909961686
"2003-05-31 00:00:00","PL",0.3177966102
"2003-06-30 00:00:00","EU15",1.788811008
"2003-06-30 00:00:00","V3",1.1984611582
"2003-06-30 00:00:00","HU",4.3518411636
"2003-06-30 00:00:00","CZ",0
"2003-06-30 00:00:00","SK",8.3293269231
"2003-06-30 00:00:00","PL",0.6382978723
"2003-07-31 00:00:00","EU15",1.8322820473
"2003-07-31 00:00:00","V3",1.1522338022
"2003-07-31 00:00:00","HU",4.726138202
"2003-07-31 00:00:00","CZ",-0.3112033195
"2003-07-31 00:00:00","SK",8.5442275247
"2003-07-31 00:00:00","PL",0.6417112299
"2003-08-31 00:00:00","EU15",1.911860653
"2003-08-31 00:00:00","V3",1.229103915
"2003-08-31 00:00:00","HU",4.7530721076
"2003-08-31 00:00:00","CZ",-0.2079002079
"2003-08-31 00:00:00","SK",9.0038314176
"2003-08-31 00:00:00","PL",0.6444683136
"2003-09-30 00:00:00","EU15",1.983075159
"2003-09-30 00:00:00","V3",1.3701608182
"2003-09-30 00:00:00","HU",4.605111674
"2003-09-30 00:00:00","CZ",0
"2003-09-30 00:00:00","SK",9.2133492253
"2003-09-30 00:00:00","PL",0.7486631016
"2003-10-31 00:00:00","EU15",1.877886969
"2003-10-31 00:00:00","V3",1.6927134165
"2003-10-31 00:00:00","HU",4.8442510307
"2003-10-31 00:00:00","CZ",0.4192872117
"2003-10-31 00:00:00","SK",9.3388921977
"2003-10-31 00:00:00","PL",1.0672358591
"2003-11-30 00:00:00","EU15",2.0197972385
"2003-11-30 00:00:00","V3",2.1900123107
"2003-11-30 00:00:00","HU",5.5918414117
"2003-11-30 00:00:00","CZ",0.9453781513
"2003-11-30 00:00:00","SK",9.4642857143
"2003-11-30 00:00:00","PL",1.6025641026
"2003-12-31 00:00:00","EU15",1.8239348223
"2003-12-31 00:00:00","V3",2.1823957063
"2003-12-31 00:00:00","HU",5.6433150183
"2003-12-31 00:00:00","CZ",0.944386149
"2003-12-31 00:00:00","SK",9.3746291682
"2003-12-31 00:00:00","PL",1.6008537887
"2004-01-31 00:00:00","EU15",1.6865693605
"2004-01-31 00:00:00","V3",2.4782343858
"2004-01-31 00:00:00","HU",6.6538635337
"2004-01-31 00:00:00","CZ",1.9832985386
"2004-01-31 00:00:00","SK",8.2948270033
"2004-01-31 00:00:00","PL",1.8065887354
"2004-02-29 00:00:00","EU15",1.5348932179
"2004-02-29 00:00:00","V3",2.4923707725
"2004-02-29 00:00:00","HU",7.0171505437
"2004-02-29 00:00:00","CZ",1.9812304484
"2004-02-29 00:00:00","SK",8.4295482569
"2004-02-29 00:00:00","PL",1.804670913
"2004-03-31 00:00:00","EU15",1.5552320995
"2004-03-31 00:00:00","V3",2.4897182155
"2004-03-31 00:00:00","HU",6.6451827981
"2004-03-31 00:00:00","CZ",2.1897810219
"2004-03-31 00:00:00","SK",7.9621380846
"2004-03-31 00:00:00","PL",1.7989417989
"2004-04-30 00:00:00","EU15",1.8488732634
"2004-04-30 00:00:00","V3",2.7948829395
"2004-04-30 00:00:00","HU",6.9563284809
"2004-04-30 00:00:00","CZ",1.97710718
"2004-04-30 00:00:00","SK",7.8900511907
"2004-04-30 00:00:00","PL",2.32312566
"2004-05-31 00:00:00","EU15",2.2069903477
"2004-05-31 00:00:00","V3",3.7609452438
"2004-05-31 00:00:00","HU",7.8152753108
"2004-05-31 00:00:00","CZ",2.6014568158
"2004-05-31 00:00:00","SK",8.2461606944
"2004-05-31 00:00:00","PL",3.48468849
"2004-06-30 00:00:00","EU15",2.220424556
"2004-06-30 00:00:00","V3",4.284723494
"2004-06-30 00:00:00","HU",7.4889380531
"2004-06-30 00:00:00","CZ",2.7027027027
"2004-06-30 00:00:00","SK",8.1548873849
"2004-06-30 00:00:00","PL",4.2283298097
"2004-07-31 00:00:00","EU15",2.1273875715
"2004-07-31 00:00:00","V3",4.6860662244
"2004-07-31 00:00:00","HU",7.2161535915
"2004-07-31 00:00:00","CZ",3.0176899063
"2004-07-31 00:00:00","SK",8.4156766959
"2004-07-31 00:00:00","PL",4.6758767269
"2004-08-31 00:00:00","EU15",2.1069134504
"2004-08-31 00:00:00","V3",4.6735772271
"2004-08-31 00:00:00","HU",7.1823815848
"2004-08-31 00:00:00","CZ",3.125
"2004-08-31 00:00:00","SK",7.1397188049
"2004-08-31 00:00:00","PL",4.8025613661
"2004-09-30 00:00:00","EU15",1.9231247098
"2004-09-30 00:00:00","V3",4.3911354501
"2004-09-30 00:00:00","HU",6.6916134713
"2004-09-30 00:00:00","CZ",2.8242677824
"2004-09-30 00:00:00","SK",6.5699006875
"2004-09-30 00:00:00","PL",4.5647558386
"2004-10-31 00:00:00","EU15",2.147476728
"2004-10-31 00:00:00","V3",4.5116859046
"2004-10-31 00:00:00","HU",6.3899508465
"2004-10-31 00:00:00","CZ",3.1315240084
"2004-10-31 00:00:00","SK",6.5584486327
"2004-10-31 00:00:00","PL",4.64625132
"2004-11-30 00:00:00","EU15",2.0672800179
"2004-11-30 00:00:00","V3",4.281168157
"2004-11-30 00:00:00","HU",5.7514921324
"2004-11-30 00:00:00","CZ",2.6014568158
"2004-11-30 00:00:00","SK",6.2533985862
"2004-11-30 00:00:00","PL",4.5215562566
"2004-12-31 00:00:00","EU15",2.1820585545
"2004-12-31 00:00:00","V3",4.1405905311
"2004-12-31 00:00:00","HU",5.5368945715
"2004-12-31 00:00:00","CZ",2.4948024948
"2004-12-31 00:00:00","SK",5.8261907345
"2004-12-31 00:00:00","PL",4.4117647059
"2005-01-31 00:00:00","EU15",1.8442359042
"2005-01-31 00:00:00","V3",3.222764817
"2005-01-31 00:00:00","HU",3.9508526639
"2005-01-31 00:00:00","CZ",1.5353121801
"2005-01-31 00:00:00","SK",3.2365490686
"2005-01-31 00:00:00","PL",3.75782881
"2005-02-28 00:00:00","EU15",1.9592156869
"2005-02-28 00:00:00","V3",3.0676206798
"2005-02-28 00:00:00","HU",3.372787263
"2005-02-28 00:00:00","CZ",1.4314928425
"2005-02-28 00:00:00","SK",2.6672180296
"2005-02-28 00:00:00","PL",3.6496350365
"2005-03-31 00:00:00","EU15",2.0607255847
"2005-03-31 00:00:00","V3",2.8279283345
"2005-03-31 00:00:00","HU",3.3135354798
"2005-03-31 00:00:00","CZ",1.1224489796
"2005-03-31 00:00:00","SK",2.4342444559
"2005-03-31 00:00:00","PL",3.4303534304
"2005-04-30 00:00:00","EU15",1.9983664857
"2005-04-30 00:00:00","V3",2.6920782106
"2005-04-30 00:00:00","HU",3.7714285714
"2005-04-30 00:00:00","CZ",1.4285714286
"2005-04-30 00:00:00","SK",2.6611655493
"2005-04-30 00:00:00","PL",3.0959752322
"2005-05-31 00:00:00","EU15",1.9297986916
"2005-05-31 00:00:00","V3",1.9076988971
"2005-05-31 00:00:00","HU",3.4596375618
"2005-05-31 00:00:00","CZ",0.9127789047
"2005-05-31 00:00:00","SK",2.4262362496
"2005-05-31 00:00:00","PL",2.1428571429
"2005-06-30 00:00:00","EU15",2.0020632119
"2005-06-30 00:00:00","V3",1.5170616894
"2005-06-30 00:00:00","HU",3.6945559329
"2005-06-30 00:00:00","CZ",1.3157894737
"2005-06-30 00:00:00","SK",2.5954041855
"2005-06-30 00:00:00","PL",1.4198782961
"2005-07-31 00:00:00","EU15",2.1247378535
"2005-07-31 00:00:00","V3",1.5571530105
"2005-07-31 00:00:00","HU",3.6019347535
"2005-07-31 00:00:00","CZ",1.4141414141
"2005-07-31 00:00:00","SK",2.089093702
"2005-07-31 00:00:00","PL",1.5228426396
"2005-08-31 00:00:00","EU15",2.2114062263
"2005-08-31 00:00:00","V3",1.7745367585
"2005-08-31 00:00:00","HU",3.4692823955
"2005-08-31 00:00:00","CZ",1.4141414141
"2005-08-31 00:00:00","SK",2.1427106828
"2005-08-31 00:00:00","PL",1.83299389
"2005-09-30 00:00:00","EU15",2.5246667026
"2005-09-30 00:00:00","V3",1.9893396435
"2005-09-30 00:00:00","HU",3.5589024139
"2005-09-30 00:00:00","CZ",2.0345879959
"2005-09-30 00:00:00","SK",2.3041474654
"2005-09-30 00:00:00","PL",1.9289340102
"2005-10-31 00:00:00","EU15",2.3814631314
"2005-10-31 00:00:00","V3",1.9802654733
"2005-10-31 00:00:00","HU",3.1211498973
"2005-10-31 00:00:00","CZ",2.4291497976
"2005-10-31 00:00:00","SK",3.5067988958
"2005-10-31 00:00:00","PL",1.614530777
"2005-11-30 00:00:00","EU15",2.2327894973
"2005-11-30 00:00:00","V3",1.6003792699
"2005-11-30 00:00:00","HU",3.2529502309
"2005-11-30 00:00:00","CZ",2.2312373225
"2005-11-30 00:00:00","SK",3.6233367451
"2005-11-30 00:00:00","PL",1.106639839
"2005-12-31 00:00:00","EU15",2.1779126587
"2005-12-31 00:00:00","V3",1.351766347
"2005-12-31 00:00:00","HU",3.2648870637
"2005-12-31 00:00:00","CZ",1.9269776876
"2005-12-31 00:00:00","SK",3.8548287882
"2005-12-31 00:00:00","PL",0.8048289738
"2006-01-31 00:00:00","EU15",2.3164392596
"2006-01-31 00:00:00","V3",1.5294414419
"2006-01-31 00:00:00","HU",2.4556755655
"2006-01-31 00:00:00","CZ",2.4193548387
"2006-01-31 00:00:00","SK",4.0625
"2006-01-31 00:00:00","PL",0.9054325956
"2006-02-28 00:00:00","EU15",2.2808036499
"2006-02-28 00:00:00","V3",1.5474941673
"2006-02-28 00:00:00","HU",2.2596007701
"2006-02-28 00:00:00","CZ",2.4193548387
"2006-02-28 00:00:00","SK",4.2795287484
"2006-02-28 00:00:00","PL",0.9054325956
"2006-03-31 00:00:00","EU15",2.1157112818
"2006-03-31 00:00:00","V3",1.5485219547
"2006-03-31 00:00:00","HU",2.3802319718
"2006-03-31 00:00:00","CZ",2.4217961655
"2006-03-31 00:00:00","SK",4.2895982278
"2006-03-31 00:00:00","PL",0.9045226131
"2006-04-30 00:00:00","EU15",2.356562878
"2006-04-30 00:00:00","V3",1.7423808721
"2006-04-30 00:00:00","HU",2.3928714457
"2006-04-30 00:00:00","CZ",2.3138832998
"2006-04-30 00:00:00","SK",4.3906359891
"2006-04-30 00:00:00","PL",1.2012012012
"2006-05-31 00:00:00","EU15",2.446922851
"2006-05-31 00:00:00","V3",2.0938882976
"2006-05-31 00:00:00","HU",2.8761942675
"2006-05-31 00:00:00","CZ",2.8140703518
"2006-05-31 00:00:00","SK",4.7977516812
"2006-05-31 00:00:00","PL",1.4985014985
"2006-06-30 00:00:00","EU15",2.4345702073
"2006-06-30 00:00:00","V3",1.9577332495
"2006-06-30 00:00:00","HU",2.8781262406
"2006-06-30 00:00:00","CZ",2.2977022977
"2006-06-30 00:00:00","SK",4.5395460454
"2006-06-30 00:00:00","PL",1.5
"2006-07-31 00:00:00","EU15",2.4187589881
"2006-07-31 00:00:00","V3",1.9544430365
"2006-07-31 00:00:00","HU",3.1588358001
"2006-07-31 00:00:00","CZ",2.390438247
"2006-07-31 00:00:00","SK",5.005517103
"2006-07-31 00:00:00","PL",1.4
"2006-08-31 00:00:00","EU15",2.3173842444
"2006-08-31 00:00:00","V3",2.2025175303
"2006-08-31 00:00:00","HU",4.6901506836
"2006-08-31 00:00:00","CZ",2.5896414343
"2006-08-31 00:00:00","SK",4.9583458798
"2006-08-31 00:00:00","PL",1.7
"2006-09-30 00:00:00","EU15",1.8731624772
"2006-09-30 00:00:00","V3",1.8603265494
"2006-09-30 00:00:00","HU",5.9169239964
"2006-09-30 00:00:00","CZ",2.1934197408
"2006-09-30 00:00:00","SK",4.4644644645
"2006-09-30 00:00:00","PL",1.3944223108
"2006-10-31 00:00:00","EU15",1.7457640222
"2006-10-31 00:00:00","V3",1.2148645637
"2006-10-31 00:00:00","HU",6.342094783
"2006-10-31 00:00:00","CZ",0.790513834
"2006-10-31 00:00:00","SK",3.1015408929
"2006-10-31 00:00:00","PL",1.0923535253
"2006-11-30 00:00:00","EU15",2.0058890513
"2006-11-30 00:00:00","V3",1.4449343394
"2006-11-30 00:00:00","HU",6.3804412642
"2006-11-30 00:00:00","CZ",0.9920634921
"2006-11-30 00:00:00","SK",3.6546819439
"2006-11-30 00:00:00","PL",1.2935323383
"2006-12-31 00:00:00","EU15",2.0729773498
"2006-12-31 00:00:00","V3",1.6215225384
"2006-12-31 00:00:00","HU",6.5519984092
"2006-12-31 00:00:00","CZ",1.4925373134
"2006-12-31 00:00:00","SK",3.6623889437
"2006-12-31 00:00:00","PL",1.3972055888
"2007-01-31 00:00:00","EU15",1.9897211111
"2007-01-31 00:00:00","V3",1.6116996261
"2007-01-31 00:00:00","HU",8.4336151169
"2007-01-31 00:00:00","CZ",1.3779527559
"2007-01-31 00:00:00","SK",2.2280344861
"2007-01-31 00:00:00","PL",1.5952143569
"2007-02-28 00:00:00","EU15",2.0273688067
"2007-02-28 00:00:00","V3",1.8602259701
"2007-02-28 00:00:00","HU",8.9873166865
"2007-02-28 00:00:00","CZ",1.6732283465
"2007-02-28 00:00:00","SK",1.9988412514
"2007-02-28 00:00:00","PL",1.8943170489
"2007-03-31 00:00:00","EU15",2.1391939097
"2007-03-31 00:00:00","V3",2.2884317458
"2007-03-31 00:00:00","HU",8.9941877648
"2007-03-31 00:00:00","CZ",2.0689655172
"2007-03-31 00:00:00","SK",2.0565800908
"2007-03-31 00:00:00","PL",2.390438247
"2007-04-30 00:00:00","EU15",2.0414079543
"2007-04-30 00:00:00","V3",2.263214477
"2007-04-30 00:00:00","HU",8.6828982106
"2007-04-30 00:00:00","CZ",2.6548672566
"2007-04-30 00:00:00","SK",2.0115495669
"2007-04-30 00:00:00","PL",2.1760633037
"2007-05-31 00:00:00","EU15",1.9595265518
"2007-05-31 00:00:00","V3",2.2288335627
"2007-05-31 00:00:00","HU",8.3970204121
"2007-05-31 00:00:00","CZ",2.4437927664
"2007-05-31 00:00:00","SK",1.5324202663
"2007-05-31 00:00:00","PL",2.2637795276
"2007-06-30 00:00:00","EU15",1.9733358173
"2007-06-30 00:00:00","V3",2.4699133498
"2007-06-30 00:00:00","HU",8.4989388385
"2007-06-30 00:00:00","CZ",2.63671875
"2007-06-30 00:00:00","SK",1.4634146341
"2007-06-30 00:00:00","PL",2.5615763547
"2007-07-31 00:00:00","EU15",1.7636967057
"2007-07-31 00:00:00","V3",2.3618794316
"2007-07-31 00:00:00","HU",8.3004333173
"2007-07-31 00:00:00","CZ",2.5291828794
"2007-07-31 00:00:00","SK",1.2227741689
"2007-07-31 00:00:00","PL",2.4654832347
"2007-08-31 00:00:00","EU15",1.7139333582
"2007-08-31 00:00:00","V3",2.1098761591
"2007-08-31 00:00:00","HU",7.1489848442
"2007-08-31 00:00:00","CZ",2.6213592233
"2007-08-31 00:00:00","SK",1.2431863823
"2007-08-31 00:00:00","PL",2.0648967552
"2007-09-30 00:00:00","EU15",2.033451539
"2007-09-30 00:00:00","V3",2.5963994586
"2007-09-30 00:00:00","HU",6.4422082197
"2007-09-30 00:00:00","CZ",2.8292682927
"2007-09-30 00:00:00","SK",1.7343809889
"2007-09-30 00:00:00","PL",2.652259332
"2007-10-31 00:00:00","EU15",2.4439259732
"2007-10-31 00:00:00","V3",3.2591699326
"2007-10-31 00:00:00","HU",6.8532908904
"2007-10-31 00:00:00","CZ",4.0196078431
"2007-10-31 00:00:00","SK",2.4238359839
"2007-10-31 00:00:00","PL",3.1434184676
"2007-11-30 00:00:00","EU15",2.8518265767
"2007-11-30 00:00:00","V3",3.8882979838
"2007-11-30 00:00:00","HU",7.1842301943
"2007-11-30 00:00:00","CZ",5.1080550098
"2007-11-30 00:00:00","SK",2.2774919001
"2007-11-30 00:00:00","PL",3.7328094303
"2007-12-31 00:00:00","EU15",2.8657881436
"2007-12-31 00:00:00","V3",4.3390003746
"2007-12-31 00:00:00","HU",7.4087897733
"2007-12-31 00:00:00","CZ",5.4901960784
"2007-12-31 00:00:00","SK",2.4950004761
"2007-12-31 00:00:00","PL",4.2322834646
"2008-01-31 00:00:00","EU15",3.0167106675
"2008-01-31 00:00:00","V3",5.0468582497
"2008-01-31 00:00:00","HU",7.3557736403
"2008-01-31 00:00:00","CZ",7.8640776699
"2008-01-31 00:00:00","SK",3.1744527622
"2008-01-31 00:00:00","PL",4.41609421
"2008-02-29 00:00:00","EU15",3.1080741632
"2008-02-29 00:00:00","V3",5.1450281578
"2008-02-29 00:00:00","HU",6.6733339394
"2008-02-29 00:00:00","CZ",7.6476282672
"2008-02-29 00:00:00","SK",3.37972167
"2008-02-29 00:00:00","PL",4.5988258317
"2008-03-31 00:00:00","EU15",3.3468867459
"2008-03-31 00:00:00","V3",4.9092254001
"2008-03-31 00:00:00","HU",6.6883586406
"2008-03-31 00:00:00","CZ",7.1428571429
"2008-03-31 00:00:00","SK",3.6234626301
"2008-03-31 00:00:00","PL",4.3774319066
"2008-04-30 00:00:00","EU15",3.2001993982
"2008-04-30 00:00:00","V3",4.7357037859
"2008-04-30 00:00:00","HU",6.8016194332
"2008-04-30 00:00:00","CZ",6.7049808429
"2008-04-30 00:00:00","SK",3.6512878573
"2008-04-30 00:00:00","PL",4.2594385286
"2008-05-31 00:00:00","EU15",3.5925597109
"2008-05-31 00:00:00","V3",4.8364615106
"2008-05-31 00:00:00","HU",6.9165551093
"2008-05-31 00:00:00","CZ",6.7748091603
"2008-05-31 00:00:00","SK",4.0184888218
"2008-05-31 00:00:00","PL",4.3310875842
"2008-06-30 00:00:00","EU15",3.9244128204
"2008-06-30 00:00:00","V3",4.814777757
"2008-06-30 00:00:00","HU",6.641771139
"2008-06-30 00:00:00","CZ",6.5651760228
"2008-06-30 00:00:00","SK",4.3174962293
"2008-06-30 00:00:00","PL",4.3227665706
"2008-07-31 00:00:00","EU15",4.1136019135
"2008-07-31 00:00:00","V3",5.0194761373
"2008-07-31 00:00:00","HU",6.970747755
"2008-07-31 00:00:00","CZ",6.8311195446
"2008-07-31 00:00:00","SK",4.4261985655
"2008-07-31 00:00:00","PL",4.5235803657
"2008-08-31 00:00:00","EU15",3.9975871207
"2008-08-31 00:00:00","V3",4.8286763306
"2008-08-31 00:00:00","HU",6.3873320879
"2008-08-31 00:00:00","CZ",6.2440870388
"2008-08-31 00:00:00","SK",4.4394068197
"2008-08-31 00:00:00","PL",4.4315992293
"2008-09-30 00:00:00","EU15",3.9127779235
"2008-09-30 00:00:00","V3",4.6504694619
"2008-09-30 00:00:00","HU",5.6016964128
"2008-09-30 00:00:00","CZ",6.3567362429
"2008-09-30 00:00:00","SK",4.549307714
"2008-09-30 00:00:00","PL",4.1148325359
"2008-10-31 00:00:00","EU15",3.3636477561
"2008-10-31 00:00:00","V3",4.4029332142
"2008-10-31 00:00:00","HU",5.108209936
"2008-10-31 00:00:00","CZ",5.7492931197
"2008-10-31 00:00:00","SK",4.1810868955
"2008-10-31 00:00:00","PL",4
"2008-11-30 00:00:00","EU15",2.4460001642
"2008-11-30 00:00:00","V3",3.7428691392
"2008-11-30 00:00:00","HU",4.0791423342
"2008-11-30 00:00:00","CZ",4.1121495327
"2008-11-30 00:00:00","SK",3.9038479456
"2008-11-30 00:00:00","PL",3.5984848485
"2008-12-31 00:00:00","EU15",1.8475843818
"2008-12-31 00:00:00","V3",3.3170431877
"2008-12-31 00:00:00","HU",3.3533142212
"2008-12-31 00:00:00","CZ",3.2527881041
"2008-12-31 00:00:00","SK",3.5399052309
"2008-12-31 00:00:00","PL",3.3050047214
"2009-01-31 00:00:00","EU15",1.4566234286
"2009-01-31 00:00:00","V3",2.7492634667
"2009-01-31 00:00:00","HU",2.3835967535
"2009-01-31 00:00:00","CZ",1.3501350135
"2009-01-31 00:00:00","SK",2.7094048494
"2009-01-31 00:00:00","PL",3.1954887218
"2009-02-28 00:00:00","EU15",1.5240617336
"2009-02-28 00:00:00","V3",2.9742443399
"2009-02-28 00:00:00","HU",2.9404244439
"2009-02-28 00:00:00","CZ",1.3489208633
"2009-02-28 00:00:00","SK",2.3901098901
"2009-02-28 00:00:00","PL",3.5547240412
"2009-03-31 00:00:00","EU15",1.0078707501
"2009-03-31 00:00:00","V3",3.3255990235
"2009-03-31 00:00:00","HU",2.8380210098
"2009-03-31 00:00:00","CZ",1.7117117117
"2009-03-31 00:00:00","SK",1.7985939925
"2009-03-31 00:00:00","PL",4.0074557316
"2009-04-30 00:00:00","EU15",0.9432279482
"2009-04-30 00:00:00","V3",3.372221817
"2009-04-30 00:00:00","HU",3.1589588072
"2009-04-30 00:00:00","CZ",1.2567324955
"2009-04-30 00:00:00","SK",1.3835791007
"2009-04-30 00:00:00","PL",4.2711234912
"2009-05-31 00:00:00","EU15",0.4702011179
"2009-05-31 00:00:00","V3",3.2508865022
"2009-05-31 00:00:00","HU",3.7896494157
"2009-05-31 00:00:00","CZ",0.8936550492
"2009-05-31 00:00:00","SK",1.070100662
"2009-05-31 00:00:00","PL",4.2435424354
"2009-06-30 00:00:00","EU15",0.256296751
"2009-06-30 00:00:00","V3",3.1931586975
"2009-06-30 00:00:00","HU",3.7185259296
"2009-06-30 00:00:00","CZ",0.8035714286
"2009-06-30 00:00:00","SK",0.7229351166
"2009-06-30 00:00:00","PL",4.2357274401
"2009-07-31 00:00:00","EU15",-0.17637231
"2009-07-31 00:00:00","V3",3.1703702296
"2009-07-31 00:00:00","HU",4.8790624221
"2009-07-31 00:00:00","CZ",-0.0888099467
"2009-07-31 00:00:00","SK",0.6145503841
"2009-07-31 00:00:00","PL",4.5119705341
"2009-08-31 00:00:00","EU15",0.1921444233
"2009-08-31 00:00:00","V3",3.0564933145
"2009-08-31 00:00:00","HU",4.9502466761
"2009-08-31 00:00:00","CZ",0
"2009-08-31 00:00:00","SK",0.4883784028
"2009-08-31 00:00:00","PL",4.3357933579
"2009-09-30 00:00:00","EU15",-0.0260645381
"2009-09-30 00:00:00","V3",2.6911839294
"2009-09-30 00:00:00","HU",4.7523427041
"2009-09-30 00:00:00","CZ",-0.267618198
"2009-09-30 00:00:00","SK",0.045045045
"2009-09-30 00:00:00","PL",3.9522058824
"2009-10-31 00:00:00","EU15",0.2322365083
"2009-10-31 00:00:00","V3",2.4569839607
"2009-10-31 00:00:00","HU",4.2014004668
"2009-10-31 00:00:00","CZ",-0.623885918
"2009-10-31 00:00:00","SK",-0.1256958161
"2009-10-31 00:00:00","PL",3.7545787546
"2009-11-30 00:00:00","EU15",0.7871981499
"2009-11-30 00:00:00","V3",2.7099354349
"2009-11-30 00:00:00","HU",5.2256929905
"2009-11-30 00:00:00","CZ",0.1795332136
"2009-11-30 00:00:00","SK",0.0358680057
"2009-11-30 00:00:00","PL",3.8391224863
"2009-12-31 00:00:00","EU15",1.3136376058
"2009-12-31 00:00:00","V3",2.7942515484
"2009-12-31 00:00:00","HU",5.40472388
"2009-12-31 00:00:00","CZ",0.5400540054
"2009-12-31 00:00:00","SK",0.0448671931
"2009-12-31 00:00:00","PL",3.8391224863
"2010-01-31 00:00:00","EU15",1.447316102
"2010-01-31 00:00:00","V3",2.7677484924
"2010-01-31 00:00:00","HU",6.1832443258
"2010-01-31 00:00:00","CZ",0.3552397869
"2010-01-31 00:00:00","SK",-0.1788428865
"2010-01-31 00:00:00","PL",3.9162112933
"2010-02-28 00:00:00","EU15",1.2952983004
"2010-02-28 00:00:00","V3",2.444748983
"2010-02-28 00:00:00","HU",5.5969531379
"2010-02-28 00:00:00","CZ",0.3549245785
"2010-02-28 00:00:00","SK",-0.1520436455
"2010-02-28 00:00:00","PL",3.4327009937
"2010-03-31 00:00:00","EU15",1.9423570911
"2010-03-31 00:00:00","V3",2.0876362957
"2010-03-31 00:00:00","HU",5.7418238735
"2010-03-31 00:00:00","CZ",0.354295837
"2010-03-31 00:00:00","SK",0.2600896861
"2010-03-31 00:00:00","PL",2.8673835125
"2010-04-30 00:00:00","EU15",2.0226061333
"2010-04-30 00:00:00","V3",2.1109724269
"2010-04-30 00:00:00","HU",5.7243181447
"2010-04-30 00:00:00","CZ",0.8865248227
"2010-04-30 00:00:00","SK",0.727240079
"2010-04-30 00:00:00","PL",2.6714158504
"2010-05-31 00:00:00","EU15",2.0041796735
"2010-05-31 00:00:00","V3",1.8758263186
"2010-05-31 00:00:00","HU",4.8576483835
"2010-05-31 00:00:00","CZ",0.9743135518
"2010-05-31 00:00:00","SK",0.7267833109
"2010-05-31 00:00:00","PL",2.3008849558
"2010-06-30 00:00:00","EU15",1.8103472057
"2010-06-30 00:00:00","V3",1.9388254383
"2010-06-30 00:00:00","HU",4.9919614148
"2010-06-30 00:00:00","CZ",0.9743135518
"2010-06-30 00:00:00","SK",0.7087744482
"2010-06-30 00:00:00","PL",2.3851590106
"2010-07-31 00:00:00","EU15",1.9697512857
"2010-07-31 00:00:00","V3",1.7803914338
"2010-07-31 00:00:00","HU",3.5504834364
"2010-07-31 00:00:00","CZ",1.6
"2010-07-31 00:00:00","SK",0.96110662
"2010-07-31 00:00:00","PL",1.9383259912
"2010-08-31 00:00:00","EU15",1.8608749942
"2010-08-31 00:00:00","V3",1.7704773441
"2010-08-31 00:00:00","HU",3.6092741614
"2010-08-31 00:00:00","CZ",1.5138023152
"2010-08-31 00:00:00","SK",1.0530105301
"2010-08-31 00:00:00","PL",1.9451812555
"2010-09-30 00:00:00","EU15",2.0854155265
"2010-09-30 00:00:00","V3",2.2217610531
"2010-09-30 00:00:00","HU",3.7220447284
"2010-09-30 00:00:00","CZ",1.7889087657
"2010-09-30 00:00:00","SK",1.0986042323
"2010-09-30 00:00:00","PL",2.4756852343
"2010-10-31 00:00:00","EU15",2.1523015326
"2010-10-31 00:00:00","V3",2.3455283132
"2010-10-31 00:00:00","HU",4.296
"2010-10-31 00:00:00","CZ",1.7937219731
"2010-10-31 00:00:00","SK",0.9528946422
"2010-10-31 00:00:00","PL",2.6478375993
"2010-11-30 00:00:00","EU15",2.1661421825
"2010-11-30 00:00:00","V3",2.2989295022
"2010-11-30 00:00:00","HU",3.9713489853
"2010-11-30 00:00:00","CZ",1.8817204301
"2010-11-30 00:00:00","SK",0.9501613482
"2010-11-30 00:00:00","PL",2.5528169014
"2010-12-31 00:00:00","EU15",2.5087565497
"2010-12-31 00:00:00","V3",2.6658390498
"2010-12-31 00:00:00","HU",4.6092503987
"2010-12-31 00:00:00","CZ",2.3276633841
"2010-12-31 00:00:00","SK",1.2646874159
"2010-12-31 00:00:00","PL",2.9049295775
"2011-01-31 00:00:00","EU15",2.5753542211
"2011-01-31 00:00:00","V3",3.160901312
"2011-01-31 00:00:00","HU",4.0078585462
"2011-01-31 00:00:00","CZ",1.9469026549
"2011-01-31 00:00:00","SK",3.2249395324
"2011-01-31 00:00:00","PL",3.5056967572
"2011-02-28 00:00:00","EU15",2.7329842103
"2011-02-28 00:00:00","V3",3.0288049046
"2011-02-28 00:00:00","HU",4.1790810726
"2011-02-28 00:00:00","CZ",1.8567639257
"2011-02-28 00:00:00","SK",3.5112862773
"2011-02-28 00:00:00","PL",3.3187772926
"2011-03-31 00:00:00","EU15",2.8816225311
"2011-03-31 00:00:00","V3",3.5411955829
"2011-03-31 00:00:00","HU",4.5886569025
"2011-03-31 00:00:00","CZ",1.8534863195
"2011-03-31 00:00:00","SK",3.7838804902
"2011-03-31 00:00:00","PL",4.0069686411
"2011-04-30 00:00:00","EU15",3.0845170087
"2011-04-30 00:00:00","V3",3.5425305256
"2011-04-30 00:00:00","HU",4.4334594887
"2011-04-30 00:00:00","CZ",1.5817223199
"2011-04-30 00:00:00","SK",3.9040912737
"2011-04-30 00:00:00","PL",4.0763226366
"2011-05-31 00:00:00","EU15",2.9874308444
"2011-05-31 00:00:00","V3",3.8324077352
"2011-05-31 00:00:00","HU",3.896303114
"2011-05-31 00:00:00","CZ",2.0175438596
"2011-05-31 00:00:00","SK",4.1778015322
"2011-05-31 00:00:00","PL",4.3252595156
"2011-06-30 00:00:00","EU15",2.9153428375
"2011-06-30 00:00:00","V3",3.3695343282
"2011-06-30 00:00:00","HU",3.4759972437
"2011-06-30 00:00:00","CZ",1.9298245614
"2011-06-30 00:00:00","SK",4.1336302895
"2011-06-30 00:00:00","PL",3.7100949094
"2011-07-31 00:00:00","EU15",2.8591332085
"2011-07-31 00:00:00","V3",3.2879786032
"2011-07-31 00:00:00","HU",3.1379151998
"2011-07-31 00:00:00","CZ",1.9247594051
"2011-07-31 00:00:00","SK",3.8167259786
"2011-07-31 00:00:00","PL",3.6300777874
"2011-08-31 00:00:00","EU15",2.8493121918
"2011-08-31 00:00:00","V3",3.6017312618
"2011-08-31 00:00:00","HU",3.5066133497
"2011-08-31 00:00:00","CZ",2.1052631579
"2011-08-31 00:00:00","SK",4.061275383
"2011-08-31 00:00:00","PL",3.9895923677
"2011-09-30 00:00:00","EU15",3.3302925497
"2011-09-30 00:00:00","V3",3.2383224133
"2011-09-30 00:00:00","HU",3.6962883105
"2011-09-30 00:00:00","CZ",2.1089630931
"2011-09-30 00:00:00","SK",4.3644784894
"2011-09-30 00:00:00","PL",3.4512510785
"2011-10-31 00:00:00","EU15",3.3333821738
"2011-10-31 00:00:00","V3",3.6027670317
"2011-10-31 00:00:00","HU",3.8352381683
"2011-10-31 00:00:00","CZ",2.6431718062
"2011-10-31 00:00:00","SK",4.5681211042
"2011-10-31 00:00:00","PL",3.7833190026
"2011-11-30 00:00:00","EU15",3.2806786672
"2011-11-30 00:00:00","V3",4.1007108651
"2011-11-30 00:00:00","HU",4.2636252296
"2011-11-30 00:00:00","CZ",2.9023746702
"2011-11-30 00:00:00","SK",4.7948854555
"2011-11-30 00:00:00","PL",4.3776824034
"2011-12-31 00:00:00","EU15",2.9247766958
"2011-12-31 00:00:00","V3",4.1761043991
"2011-12-31 00:00:00","HU",4.0936118311
"2011-12-31 00:00:00","CZ",2.7996500437
"2011-12-31 00:00:00","SK",4.5881310895
"2011-12-31 00:00:00","PL",4.5337895637
"2012-01-31 00:00:00","EU15",2.760922293
"2012-01-31 00:00:00","V3",4.0508695731
"2012-01-31 00:00:00","HU",5.6063468077
"2012-01-31 00:00:00","CZ",3.8194444444
"2012-01-31 00:00:00","SK",4.0527640371
"2012-01-31 00:00:00","PL",4.1490262489
"2012-02-29 00:00:00","EU15",2.78431215
"2012-02-29 00:00:00","V3",4.2642658525
"2012-02-29 00:00:00","HU",5.7876119515
"2012-02-29 00:00:00","CZ",3.9930555556
"2012-02-29 00:00:00","SK",3.9892696435
"2012-02-29 00:00:00","PL",4.3956043956
"2012-03-31 00:00:00","EU15",2.7634851661
"2012-03-31 00:00:00","V3",3.9655621664
"2012-03-31 00:00:00","HU",5.5344506518
"2012-03-31 00:00:00","CZ",4.1594454073
"2012-03-31 00:00:00","SK",3.9044992243
"2012-03-31 00:00:00","PL",3.9363484087
"2012-04-30 00:00:00","EU15",2.5861384944
"2012-04-30 00:00:00","V3",3.9674013542
"2012-04-30 00:00:00","HU",5.6208860291
"2012-04-30 00:00:00","CZ",3.9792387543
"2012-04-30 00:00:00","SK",3.6630350862
"2012-04-30 00:00:00","PL",4
"2012-05-31 00:00:00","EU15",2.4391474311
"2012-05-31 00:00:00","V3",3.6034510713
"2012-05-31 00:00:00","HU",5.3521334711
"2012-05-31 00:00:00","CZ",3.5253654342
"2012-05-31 00:00:00","SK",3.4288157332
"2012-05-31 00:00:00","PL",3.6484245439
"2012-06-30 00:00:00","EU15",2.3339739945
"2012-06-30 00:00:00","V3",4.1081519413
"2012-06-30 00:00:00","HU",5.5937846837
"2012-06-30 00:00:00","CZ",3.7865748709
"2012-06-30 00:00:00","SK",3.7214475148
"2012-06-30 00:00:00","PL",4.2429284526
"2012-07-31 00:00:00","EU15",2.3891290139
"2012-07-31 00:00:00","V3",3.8469866012
"2012-07-31 00:00:00","HU",5.7212822796
"2012-07-31 00:00:00","CZ",3.347639485
"2012-07-31 00:00:00","SK",3.8478018682
"2012-07-31 00:00:00","PL",4.0033361134
"2012-08-31 00:00:00","EU15",2.5385172131
"2012-08-31 00:00:00","V3",3.6738181411
"2012-08-31 00:00:00","HU",5.9732540862
"2012-08-31 00:00:00","CZ",3.4364261168
"2012-08-31 00:00:00","SK",3.7572749059
"2012-08-31 00:00:00","PL",3.7531276063
"2012-09-30 00:00:00","EU15",2.456751573
"2012-09-30 00:00:00","V3",3.7551825861
"2012-09-30 00:00:00","HU",6.4013069954
"2012-09-30 00:00:00","CZ",3.5283993115
"2012-09-30 00:00:00","SK",3.7552274473
"2012-09-30 00:00:00","PL",3.836530442
"2012-10-31 00:00:00","EU15",2.4748678236
"2012-10-31 00:00:00","V3",3.4663978852
"2012-10-31 00:00:00","HU",6.0205363079
"2012-10-31 00:00:00","CZ",3.6051502146
"2012-10-31 00:00:00","SK",3.9427744188
"2012-10-31 00:00:00","PL",3.3968516984
"2012-11-30 00:00:00","EU15",2.2269799795
"2012-11-30 00:00:00","V3",2.7867361108
"2012-11-30 00:00:00","HU",5.2932971147
"2012-11-30 00:00:00","CZ",2.8205128205
"2012-11-30 00:00:00","SK",3.49093374
"2012-11-30 00:00:00","PL",2.7138157895
"2012-12-31 00:00:00","EU15",2.2737321612
"2012-12-31 00:00:00","V3",2.3242420837
"2012-12-31 00:00:00","HU",5.0677407543
"2012-12-31 00:00:00","CZ",2.3829787234
"2012-12-31 00:00:00","SK",3.370596206
"2012-12-31 00:00:00","PL",2.209492635
"2013-01-31 00:00:00","EU15",2.0616622519
"2013-01-31 00:00:00","V3",1.7265328212
"2013-01-31 00:00:00","HU",2.8117621807
"2013-01-31 00:00:00","CZ",1.8394648829
"2013-01-31 00:00:00","SK",2.5104253545
"2013-01-31 00:00:00","PL",1.6260162602
"2013-02-28 00:00:00","EU15",1.9710761072
"2013-02-28 00:00:00","V3",1.3871203878
"2013-02-28 00:00:00","HU",2.8742174161
"2013-02-28 00:00:00","CZ",1.7529215359
"2013-02-28 00:00:00","SK",2.2468170092
"2013-02-28 00:00:00","PL",1.2145748988
"2013-03-31 00:00:00","EU15",1.8591477922
"2013-03-31 00:00:00","V3",1.1949868399
"2013-03-31 00:00:00","HU",2.3362507058
"2013-03-31 00:00:00","CZ",1.4975041597
"2013-03-31 00:00:00","SK",1.9493985898
"2013-03-31 00:00:00","PL",1.0475423046
"2013-04-30 00:00:00","EU15",1.3733193447
"2013-04-30 00:00:00","V3",1.0295657083
"2013-04-30 00:00:00","HU",1.799593866
"2013-04-30 00:00:00","CZ",1.6638935108
"2013-04-30 00:00:00","SK",1.7378351539
"2013-04-30 00:00:00","PL",0.8012820513
"2013-05-31 00:00:00","EU15",1.6054277639
"2013-05-31 00:00:00","V3",0.7130504146
"2013-05-31 00:00:00","HU",1.7588115759
"2013-05-31 00:00:00","CZ",1.2458471761
"2013-05-31 00:00:00","SK",1.7526455026
"2013-05-31 00:00:00","PL",0.48
"2013-06-30 00:00:00","EU15",1.7989778227
"2013-06-30 00:00:00","V3",0.5905199039
"2013-06-30 00:00:00","HU",2.0040641861
"2013-06-30 00:00:00","CZ",1.5754560531
"2013-06-30 00:00:00","SK",1.6743648961
"2013-06-30 00:00:00","PL",0.2394253791
"2013-07-31 00:00:00","EU15",1.7468899424
"2013-07-31 00:00:00","V3",1.0349610368
"2013-07-31 00:00:00","HU",1.740717344
"2013-07-31 00:00:00","CZ",1.4119601329
"2013-07-31 00:00:00","SK",1.6421851791
"2013-07-31 00:00:00","PL",0.882117081
"2013-08-31 00:00:00","EU15",1.5370106734
"2013-08-31 00:00:00","V3",0.9892272287
"2013-08-31 00:00:00","HU",1.563376332
"2013-08-31 00:00:00","CZ",1.2458471761
"2013-08-31 00:00:00","SK",1.4187907284
"2013-08-31 00:00:00","PL",0.884244373
"2013-09-30 00:00:00","EU15",1.3501036285
"2013-09-30 00:00:00","V3",0.9204335578
"2013-09-30 00:00:00","HU",1.5773310999
"2013-09-30 00:00:00","CZ",0.9975062344
"2013-09-30 00:00:00","SK",1.1104713334
"2013-09-30 00:00:00","PL",0.8835341365
"2013-10-31 00:00:00","EU15",0.9632089757
"2013-10-31 00:00:00","V3",0.7401680158
"2013-10-31 00:00:00","HU",1.0939241918
"2013-10-31 00:00:00","CZ",0.8285004143
"2013-10-31 00:00:00","SK",0.7127642143
"2013-10-31 00:00:00","PL",0.7211538462
"2013-11-30 00:00:00","EU15",1.0460113709
"2013-11-30 00:00:00","V3",0.577423664
"2013-11-30 00:00:00","HU",0.3904615814
"2013-11-30 00:00:00","CZ",0.9975062344
"2013-11-30 00:00:00","SK",0.4830522351
"2013-11-30 00:00:00","PL",0.4803843074
"2013-12-31 00:00:00","EU15",1.0249321944
"2013-12-31 00:00:00","V3",0.7240742785
"2013-12-31 00:00:00","HU",0.5994284519
"2013-12-31 00:00:00","CZ",1.4962593516
"2013-12-31 00:00:00","SK",0.3850565296
"2013-12-31 00:00:00","PL",0.5604483587
"2014-01-31 00:00:00","EU15",0.9492636701
"2014-01-31 00:00:00","V3",0.4741009219
"2014-01-31 00:00:00","HU",0.8141962422
"2014-01-31 00:00:00","CZ",0.328407225
"2014-01-31 00:00:00","SK",-0.048816207
"2014-01-31 00:00:00","PL",0.56
"2014-02-28 00:00:00","HU",0.1
"2014-02-28 00:00:00","CZ",0.2
"2014-02-28 00:00:00","SK",-0.1
"2014-02-28 00:00:00","PL",0.7
"2014-03-31 00:00:00","HU",0.1
"2014-03-31 00:00:00","CZ",0.2
"2014-03-31 00:00:00","SK",-0.1
"2014-03-31 00:00:00","PL",0.7
"2014-04-30 00:00:00","HU",-0.1
"2014-04-30 00:00:00","CZ",0.1
"2014-04-30 00:00:00","SK",-0.2
"2014-04-30 00:00:00","PL",0.3
"2014-05-31 00:00:00","HU",0.1
"2014-05-31 00:00:00","CZ",0.4
